timeStamp,elapsed,label,responseCode,responseMessage,threadName,dataType,success,failureMessage,bytes,sentBytes,grpThreads,allThreads,URL,Latency,IdleTime,Connect
1593673028680,2067,Get all activities,404,Not Found,Stress Test 1-19,text,false,,426,176,30,30,https://nanolinuxvmproject00-appservice.azurewebsites.net/api/Activities?page=19,2067,0,1791
1593673028284,2464,Get all activities,404,Not Found,Stress Test 1-7,text,false,,426,175,30,30,https://nanolinuxvmproject00-appservice.azurewebsites.net/api/Activities?page=7,2463,0,2189
1593673028647,2102,Get all activities,404,Not Found,Stress Test 1-18,text,false,,426,176,29,29,https://nanolinuxvmproject00-appservice.azurewebsites.net/api/Activities?page=18,2101,0,1851
1593673028747,2060,Get all activities,404,Not Found,Stress Test 1-21,text,false,,426,176,27,27,https://nanolinuxvmproject00-appservice.azurewebsites.net/api/Activities?page=21,2060,0,1812
1593673028160,2685,Get all activities,404,Not Found,Stress Test 1-3,text,false,,426,175,26,26,https://nanolinuxvmproject00-appservice.azurewebsites.net/api/Activities?page=3,2685,0,2425
1593673028416,2445,Get all activities,404,Not Found,Stress Test 1-11,text,false,,426,176,25,25,https://nanolinuxvmproject00-appservice.azurewebsites.net/api/Activities?page=11,2445,0,2193
1593673028483,2378,Get all activities,404,Not Found,Stress Test 1-13,text,false,,426,176,25,25,https://nanolinuxvmproject00-appservice.azurewebsites.net/api/Activities?page=13,2378,0,2126
1593673028251,2622,Get all activities,404,Not Found,Stress Test 1-6,text,false,,426,175,23,23,https://nanolinuxvmproject00-appservice.azurewebsites.net/api/Activities?page=6,2622,0,2358
1593673028119,2782,Get all activities,404,Not Found,Stress Test 1-2,text,false,,426,175,22,22,https://nanolinuxvmproject00-appservice.azurewebsites.net/api/Activities?page=2,2782,0,2500
1593673028384,2519,Get all activities,404,Not Found,Stress Test 1-10,text,false,,426,176,21,21,https://nanolinuxvmproject00-appservice.azurewebsites.net/api/Activities?page=10,2519,0,2235
1593673028812,2093,Get all activities,404,Not Found,Stress Test 1-23,text,false,,426,176,20,20,https://nanolinuxvmproject00-appservice.azurewebsites.net/api/Activities?page=23,2092,0,1817
1593673028450,2455,Get all activities,404,Not Found,Stress Test 1-12,text,false,,426,176,20,20,https://nanolinuxvmproject00-appservice.azurewebsites.net/api/Activities?page=12,2455,0,2179
1593673028185,2736,Get all activities,404,Not Found,Stress Test 1-4,text,false,,426,175,18,18,https://nanolinuxvmproject00-appservice.azurewebsites.net/api/Activities?page=4,2736,0,2454
1593673028845,2080,Get all activities,404,Not Found,Stress Test 1-24,text,false,,426,176,17,17,https://nanolinuxvmproject00-appservice.azurewebsites.net/api/Activities?page=24,2080,0,1794
1593673028218,2707,Get all activities,404,Not Found,Stress Test 1-5,text,false,,426,175,16,16,https://nanolinuxvmproject00-appservice.azurewebsites.net/api/Activities?page=5,2707,0,2412
1593673028317,2608,Get all activities,404,Not Found,Stress Test 1-8,text,false,,426,175,16,16,https://nanolinuxvmproject00-appservice.azurewebsites.net/api/Activities?page=8,2608,0,2313
1593673028517,2408,Get all activities,404,Not Found,Stress Test 1-14,text,false,,426,176,16,16,https://nanolinuxvmproject00-appservice.azurewebsites.net/api/Activities?page=14,2408,0,2132
1593673028583,2344,Get all activities,404,Not Found,Stress Test 1-16,text,false,,426,176,13,13,https://nanolinuxvmproject00-appservice.azurewebsites.net/api/Activities?page=16,2344,0,2066
1593673029045,1882,Get all activities,404,Not Found,Stress Test 1-30,text,false,,426,176,13,13,https://nanolinuxvmproject00-appservice.azurewebsites.net/api/Activities?page=30,1882,0,1604
1593673028911,2016,Get all activities,404,Not Found,Stress Test 1-26,text,false,,426,176,13,13,https://nanolinuxvmproject00-appservice.azurewebsites.net/api/Activities?page=26,2016,0,1728
1593673028550,2391,Get all activities,404,Not Found,Stress Test 1-15,text,false,,426,176,10,10,https://nanolinuxvmproject00-appservice.azurewebsites.net/api/Activities?page=15,2391,0,2119
1593673028713,2228,Get all activities,404,Not Found,Stress Test 1-20,text,false,,426,176,10,10,https://nanolinuxvmproject00-appservice.azurewebsites.net/api/Activities?page=20,2228,0,1956
1593673028944,1997,Get all activities,404,Not Found,Stress Test 1-27,text,false,,426,176,10,10,https://nanolinuxvmproject00-appservice.azurewebsites.net/api/Activities?page=27,1997,0,1743
1593673028350,2591,Get all activities,404,Not Found,Stress Test 1-9,text,false,,426,175,10,10,https://nanolinuxvmproject00-appservice.azurewebsites.net/api/Activities?page=9,2591,0,2319
1593673028878,2063,Get all activities,404,Not Found,Stress Test 1-25,text,false,,426,176,10,10,https://nanolinuxvmproject00-appservice.azurewebsites.net/api/Activities?page=25,2063,0,1792
1593673028615,2340,Get all activities,404,Not Found,Stress Test 1-17,text,false,,426,176,5,5,https://nanolinuxvmproject00-appservice.azurewebsites.net/api/Activities?page=17,2340,0,2055
1593673028778,2177,Get all activities,404,Not Found,Stress Test 1-22,text,false,,426,176,4,4,https://nanolinuxvmproject00-appservice.azurewebsites.net/api/Activities?page=22,2177,0,1937
1593673028087,2868,Get all activities,404,Not Found,Stress Test 1-1,text,false,,426,175,4,4,https://nanolinuxvmproject00-appservice.azurewebsites.net/api/Activities?page=1,2868,0,2602
1593673029009,1946,Get all activities,404,Not Found,Stress Test 1-29,text,false,,426,176,4,4,https://nanolinuxvmproject00-appservice.azurewebsites.net/api/Activities?page=29,1946,0,1679
1593673028977,2003,Get all activities,404,Not Found,Stress Test 1-28,text,false,,426,176,1,1,https://nanolinuxvmproject00-appservice.azurewebsites.net/api/Activities?page=28,2003,0,1749
